{
    "Scene Name": "begin",
    "SceneCamera": {
        "Camera Name": "main",
        "IsPerspective": true,
        "Perspective Camera": {
            "FOV": 45.0,
            "aspectRatio": 0,
            "camPitch": 0.0,
            "camRoll": 0.0,
            "camYaw": 0.0,
            "cameraSpeed": 2.0,
            "distance": 4.0,
            "farPlane": 1000.0,
            "moveBackForward": 0.0,
            "moveLeftRight": 0.0,
            "moveUpDown": 0.0,
            "nearPlane": 1.0,
            "position": [
                0.0,
                6.0,
                -16.0
            ],
            "target": [
                0.0,
                6.0,
                -15.0
            ],
            "up": [
                0.0,
                1.0,
                0.0
            ]
        },
        "showCreateWindow": false
    },
    "defaultShader": null,
    "graphics": {
        "enableMsaa": false,
        "height": 724.0,
        "imguiEnabled": true,
        "isFullscreenEnabled": true,
        "isVsyncEnabled": false,
        "projectionMatrix": [
            1.8106600046157837,
            0.0,
            0.0,
            0.0,
            0.0,
            2.4142134189605713,
            0.0,
            0.0,
            0.0,
            0.0,
            1.001001000404358,
            1.0,
            0.0,
            0.0,
            -1.001001000404358,
            0.0
        ],
        "viewMatrix": [
            0.998200535774231,
            0.0019784404430538416,
            -0.05993135645985603,
            0.0,
            -0.0,
            0.9994556307792664,
            0.032993804663419724,
            0.0,
            0.05996399745345116,
            -0.032934434711933136,
            0.9976571202278137,
            0.0,
            1.4692034721374512,
            -6.522987365722656,
            15.803483963012695,
            1.0
        ],
        "width": 1274.0
    },
    "model": [
        {
            "isTextured": true,
            "mesh": {
                "indices": [
                    0,
                    1,
                    2,
                    0,
                    2,
                    3,
                    4,
                    5,
                    6,
                    4,
                    6,
                    7,
                    8,
                    9,
                    10,
                    8,
                    10,
                    11,
                    12,
                    13,
                    14,
                    12,
                    14,
                    15,
                    16,
                    17,
                    18,
                    16,
                    18,
                    19,
                    20,
                    21,
                    22,
                    20,
                    22,
                    23
                ],
                "vertices": [
                    {
                        "norm": [
                            0.0,
                            0.0,
                            -1.0
                        ],
                        "pos": [
                            -1.0,
                            -1.0,
                            -1.0
                        ],
                        "tex": [
                            0.0,
                            1.0
                        ]
                    },
                    {
                        "norm": [
                            0.0,
                            0.0,
                            -1.0
                        ],
                        "pos": [
                            -1.0,
                            1.0,
                            -1.0
                        ],
                        "tex": [
                            0.0,
                            0.0
                        ]
                    },
                    {
                        "norm": [
                            0.0,
                            0.0,
                            -1.0
                        ],
                        "pos": [
                            1.0,
                            1.0,
                            -1.0
                        ],
                        "tex": [
                            1.0,
                            0.0
                        ]
                    },
                    {
                        "norm": [
                            0.0,
                            0.0,
                            -1.0
                        ],
                        "pos": [
                            1.0,
                            -1.0,
                            -1.0
                        ],
                        "tex": [
                            1.0,
                            1.0
                        ]
                    },
                    {
                        "norm": [
                            0.0,
                            0.0,
                            1.0
                        ],
                        "pos": [
                            -1.0,
                            -1.0,
                            1.0
                        ],
                        "tex": [
                            1.0,
                            1.0
                        ]
                    },
                    {
                        "norm": [
                            0.0,
                            0.0,
                            1.0
                        ],
                        "pos": [
                            1.0,
                            -1.0,
                            1.0
                        ],
                        "tex": [
                            0.0,
                            1.0
                        ]
                    },
                    {
                        "norm": [
                            0.0,
                            0.0,
                            1.0
                        ],
                        "pos": [
                            1.0,
                            1.0,
                            1.0
                        ],
                        "tex": [
                            0.0,
                            0.0
                        ]
                    },
                    {
                        "norm": [
                            0.0,
                            0.0,
                            1.0
                        ],
                        "pos": [
                            -1.0,
                            1.0,
                            1.0
                        ],
                        "tex": [
                            1.0,
                            0.0
                        ]
                    },
                    {
                        "norm": [
                            0.0,
                            1.0,
                            0.0
                        ],
                        "pos": [
                            -1.0,
                            1.0,
                            -1.0
                        ],
                        "tex": [
                            0.0,
                            1.0
                        ]
                    },
                    {
                        "norm": [
                            0.0,
                            1.0,
                            0.0
                        ],
                        "pos": [
                            -1.0,
                            1.0,
                            1.0
                        ],