{
    "Scene Name": "begin",
    "SceneCamera": {
        "Cameras": [
            {
                "Camera Name": "main",
                "IsPerspective": true,
                "Perspective Camera": {
                    "FOV": 90.0,
                    "aspectRatio": 1.7596684694290161,
                    "camPitch": -0.3710000216960907,
                    "camRoll": 0.0,
                    "camYaw": 0.01600000448524952,
                    "cameraSpeed": 2.0,
                    "distance": 4.0,
                    "farPlane": 1000.0,
                    "moveBackForward": 0.0,
                    "moveLeftRight": 0.0,
                    "moveUpDown": 0.0,
                    "nearPlane": 1.0,
                    "position": [
                        0.06208772212266922,
                        4.3989362716674805,
                        -9.884039878845215
                    ],
                    "target": [
                        0.07699853181838989,
                        4.036388874053955,
                        -8.952194213867188
                    ],
                    "up": [
                        0.0,
                        1.0,
                        0.0
                    ]
                },
                "showCreateWindow": false
            }
        ]
    },
    "SceneShader": null,
    "device": {
        "enableMsaa": true,
        "height": 724,
        "isFullscreenEnabled": true,
        "isVsyncEnabled": true,
        "width": 1274
    },
    "graphics": {
        "imguiEnabled": true,
        "projectionMatrix": [
            1.3719706535339355,
            0.0,
            0.0,
            0.0,
            0.0,
            2.4142134189605713,
            0.0,
            0.0,
            0.0,
            0.0,
            1.001001000404358,
            1.0,
            0.0,
            0.0,
            -1.001001000404358,
            0.0
        ],
        "viewMatrix": [
            0.9990756511688232,
            -0.005870750639587641,
            -0.042583756148815155,
            0.0,
            -0.0,
            0.9906302094459534,
            -0.13657186925411224,
            0.0,
            0.04298653081059456,
            0.13644562661647797,
            0.989714503288269,
            0.0,
            0.6877844929695129,
            -3.7606513500213623,
            16.654863357543945,
            1.0
        ]
    },
    "model": [
        {
            "isTextured": false,
            "mesh": {
                "indices": [
                    0,
                    1,
                    2,
                    0,
                    2,
                    3,
                    4,
                    5,
                    6,
                    4,
                    6,
                    7,
                    8,
                    9,
                    10,
                    8,
                    10,
                    11,
                    12,
                    13,
                    14,
                    12,
                    14,
                    15,
                    16,
                    17,
                    18,
                    16,
                    18,
                    19,
                    20,
                    21,
                    22,
                    20,
                    22,
                    23
                ],
                "vertices": [
                    {
                        "norm": [
                            0.0,
                            0.0,
                            -1.0
                        ],
                        "pos": [
                            -1.0,
                            -1.0,
                            -1.0
                        ],
                        "tex": [
                            0.0,
                            1.0
                        ],
                        "type": 2
                    },
                    {
                        "norm": [
                            0.0,
                            0.0,
                            -1.0
                        ],
                        "pos": [
                            -1.0,
                            1.0,
                            -1.0
                        ],
                        "tex": [
                            0.0,
                            0.0
                        ],
                        "type": 2
                    },
                    {
                        "norm": [
                            0.0,
                            0.0,
                            -1.0
                        ],
                        "pos": [
                            1.0,
                            1.0,
                            -1.0
                        ],
                        "tex": [
                            1.0,
                            0.0
                        ],
                        "type": 2
                    },
                    {
                        "norm": [
                            0.0,
                            0.0,
                            -1.0
                        ],
                        "pos": [
                            1.0,
                            -1.0,
                            -1.0
                        ],
                        "tex": [
                            1.0,
                            1.0
                        ],
                        "type": 2
                    },
                    {
                        "norm": [
                            0.0,
                            0.0,
                            1.0
                        ],
                        "pos": [
                            -1.0,
                            -1.0,
                            1.0
                        ],
                        "tex": [
                            1.0,
                            1.0
                        ],
                        "type": 2
                    },
                    {
                        "norm": [
                            0.0,
                            0.0,
                            1.0
                        ],
                        "pos": [
                            1.0,
                            -1.0,
                            1.0
                        ],
                        "tex": [
                            0.0,
                            1.0
                        ],
                        "type": 2
                    },
                    {
                        "norm": [
                            0.0,
                            0.0,
                            1.0
                        ],
                        "pos": [
                            1.0,
                            1.0,
                            1.0
                        ],
                        "tex": [
                            0.0,
                            0.0
                        ],
                        "type": 2
                    },
                    {
                        "norm": [
                            0.0,
                            0.0,
                            1.0
                        ],
                        "pos": [
                            -1.0,
                            1.0,
                            1.0
                        ],
                        "tex": [
                            1.0,
                            0.0
                        ],
                        "type": 2
                    },
                    {
                        "norm": [
                            0.0,
                            1.0,
                            0.0
                        ],
                        "pos": [
                            -1.0,
                            1.0,
                            -1.0
                        ],